Sequence Name,NT position,NT ref base,NT query base,gene name,AA gene position,AA ref,AA query
>hCoV-19/India/ILSCV29997/2020,241,C,T,,,,
>hCoV-19/India/ILSCV29997/2020,313,C,T,,,,
>hCoV-19/India/ILSCV29997/2020,3037,C,T,,,,
>hCoV-19/India/ILSCV29997/2020,3442,T,C,,,,
>hCoV-19/India/ILSCV29997/2020,5700,C,A,NSP3,994,A,D
>hCoV-19/India/ILSCV29997/2020,14408,C,T,NSP12,323,P,L
>hCoV-19/India/ILSCV29997/2020,17339,C,T,NSP13,368,A,V
>hCoV-19/India/ILSCV29997/2020,23403,A,G,Spike,614,D,G
>hCoV-19/India/ILSCV29997/2020,28881,G,A,N,203,R,K
>hCoV-19/India/ILSCV29997/2020,28882,G,A,N,203,R,K
>hCoV-19/India/ILSCV29997/2020,28883,G,C,N,204,G,R
>hCoV-19/India/GBRC88b/2020,241,C,T,,,,
>hCoV-19/India/GBRC88b/2020,3037,C,T,,,,
>hCoV-19/India/GBRC88b/2020,14408,C,T,NSP12,323,P,L
>hCoV-19/India/GBRC88b/2020,14673,A,G,,,,
>hCoV-19/India/GBRC88b/2020,23403,A,G,Spike,614,D,G
>hCoV-19/India/GBRC88b/2020,27741,C,T,,,,
>hCoV-19/India/GBRC187b/2020,241,C,T,,,,
>hCoV-19/India/GBRC187b/2020,3037,C,T,,,,
>hCoV-19/India/GBRC187b/2020,3634,C,T,,,,
>hCoV-19/India/GBRC187b/2020,4560,C,T,NSP3,614,A,V
>hCoV-19/India/GBRC187b/2020,14408,C,T,NSP12,323,P,L
>hCoV-19/India/GBRC187b/2020,18877,C,T,,,,
>hCoV-19/India/GBRC187b/2020,23403,A,G,Spike,614,D,G
>hCoV-19/India/GBRC187b/2020,25563,G,T,NS3,57,Q,H
>hCoV-19/India/GBRC187b/2020,29861,G,A,,,,
>hCoV-19/India/MaxCov0022_CSIR-IGIB/2020,241,C,Y,,,,
>hCoV-19/India/MaxCov0022_CSIR-IGIB/2020,313,C,Y,NSP1,16,L,x
>hCoV-19/India/MaxCov0022_CSIR-IGIB/2020,3037,C,Y,NSP3,106,F,x
>hCoV-19/India/MaxCov0022_CSIR-IGIB/2020,3638,G,R,NSP3,307,G,x
>hCoV-19/India/MaxCov0022_CSIR-IGIB/2020,3768,C,Y,NSP3,350,T,x
>hCoV-19/India/MaxCov0022_CSIR-IGIB/2020,6310,C,M,NSP3,1197,S,x
>hCoV-19/India/MaxCov0022_CSIR-IGIB/2020,6312,C,M,NSP3,1198,T,x
>hCoV-19/India/MaxCov0022_CSIR-IGIB/2020,11083,G,K,NSP6,37,L,x
>hCoV-19/India/MaxCov0022_CSIR-IGIB/2020,13730,C,Y,NSP12,97,A,x
>hCoV-19/India/MaxCov0022_CSIR-IGIB/2020,19983,C,T,,,,
>hCoV-19/India/MaxCov0022_CSIR-IGIB/2020,23403,A,R,Spike,614,D,x
>hCoV-19/India/MaxCov0022_CSIR-IGIB/2020,23929,C,Y,Spike,789,Y,x
>hCoV-19/India/MaxCov0022_CSIR-IGIB/2020,24622,T,Y,Spike,1020,A,x
>hCoV-19/India/MaxCov0022_CSIR-IGIB/2020,28311,C,Y,N,13,P,x
>hCoV-19/India/MaxCov0022_CSIR-IGIB/2020,28881,G,A,N,203,R,K
>hCoV-19/India/MaxCov0022_CSIR-IGIB/2020,28882,G,A,N,203,R,K
>hCoV-19/India/MaxCov0022_CSIR-IGIB/2020,28883,G,C,N,204,G,R
>hCoV-19/India/CCMB_J458/2020,6081,A,G,NSP3,1121,D,G
>hCoV-19/India/CCMB_J458/2020,6312,C,A,NSP3,1198,T,K
>hCoV-19/India/CCMB_J458/2020,11083,G,T,NSP6,37,L,F
>hCoV-19/India/CCMB_J458/2020,13730,C,T,NSP12,97,A,V
>hCoV-19/India/CCMB_J458/2020,18511,C,T,NSP14,158,P,S
>hCoV-19/India/CCMB_J458/2020,19679,G,T,NSP15,20,G,V
>hCoV-19/India/CCMB_J458/2020,22663,C,A,,,,
>hCoV-19/India/CCMB_J458/2020,23929,C,T,,,,
>hCoV-19/India/CCMB_J458/2020,28311,C,T,N,13,P,L
>hCoV-19/India/GBRC102/2020,771,T,C,NSP1,169,V,A
>hCoV-19/India/GBRC102/2020,8782,C,T,,,,
>hCoV-19/India/GBRC102/2020,11306,G,A,NSP6,112,D,N
>hCoV-19/India/GBRC102/2020,22468,G,T,,,,
>hCoV-19/India/GBRC102/2020,25513,C,T,NS3,41,L,F
>hCoV-19/India/GBRC102/2020,28144,T,C,Orf8,84,L,S
>hCoV-19/India/GBRC102/2020,28878,G,A,N,202,S,N
>hCoV-19/India/GBRC102/2020,29742,G,A,,,,
>hCoV-19/India/1-27/2020,2277,T,C,NSP2,491,I,T
>hCoV-19/India/1-27/2020,6695,C,T,NSP3,1326,P,S
>hCoV-19/India/1-27/2020,14657,C,T,NSP12,406,A,V
>hCoV-19/India/1-27/2020,17373,C,T,,,,
>hCoV-19/India/1-27/2020,22785,G,T,Spike,408,R,I
